Sondeo,X,Y,prof,Vs (m/s),Z
Sds-01-P1,477482.68,2036933.28,2.51,92.601,-2.51
Sds-01-P1,477482.68,2036933.28,3.01,83.683,-3.01
Sds-01-P1,477482.68,2036933.28,3.51,99.097,-3.51
Sds-01-P1,477482.68,2036933.28,4.02,116.963,-4.02
Sds-01-P1,477482.68,2036933.28,4.51,104.715,-4.51
Sds-01-P1,477482.68,2036933.28,5.04,97.124,-5.04
Sds-01-P1,477482.68,2036933.28,5.5,97.656,-5.5
Sds-01-P1,477482.68,2036933.28,6.05,131.583,-6.05
Sds-01-P1,477482.68,2036933.28,6.53,115.743,-6.53
Sds-01-P1,477482.68,2036933.28,7.01,119.905,-7.01
Sds-01-P1,477482.68,2036933.28,7.5,127.878,-7.5
Sds-01-P1,477482.68,2036933.28,8.04,155.304,-8.04
Sds-01-P1,477482.68,2036933.28,8.52,158.253,-8.52
Sds-01-P1,477482.68,2036933.28,9.03,135.139,-9.03
Sds-01-P1,477482.68,2036933.28,9.53,128.209,-9.53
Sds-01-P1,477482.68,2036933.28,10.02,135.502,-10.02
Sds-01-P1,477482.68,2036933.28,10.55,128.209,-10.55
Sds-01-P1,477482.68,2036933.28,11.01,119.332,-11.01
Sds-01-P1,477482.68,2036933.28,11.51,127.885,-11.51
Sds-01-P1,477482.68,2036933.28,12.04,128.205,-12.04
Sds-01-P1,477482.68,2036933.28,12.55,120.483,-12.55
Sds-01-P1,477482.68,2036933.28,13.05,122.256,-13.05
Sds-01-P1,477482.68,2036933.28,13.52,138.138,-13.52
Sds-01-P1,477482.68,2036933.28,14.01,138.138,-14.01
Sds-01-P1,477482.68,2036933.28,14.49,131.934,-14.49
Sds-01-P1,477482.68,2036933.28,15.01,128.426,-15.01
Sds-01-P1,477482.68,2036933.28,15.5,124.107,-15.5
Sds-01-P1,477482.68,2036933.28,15.95,102.319,-15.95
Sds-01-P1,477482.68,2036933.28,16.51,105.731,-16.51
Sds-01-P1,477482.68,2036933.28,16.97,105.337,-16.97
Sds-01-P1,477482.68,2036933.28,17.49,109.172,-17.49
Sds-01-P1,477482.68,2036933.28,18.01,106.087,-18.01
Sds-01-P1,477482.68,2036933.28,18.49,114.165,-18.49
Sds-01-P1,477482.68,2036933.28,19.01,117.192,-19.01
Sds-01-P1,477482.68,2036933.28,19.49,154.5665,-19.49
Sds-01-P1,477482.68,2036933.28,20.01,289.104,-20.01
Sds-01-P1,477482.68,2036933.28,20.49,343.251,-20.49
Sds-01-P1,477482.68,2036933.28,21,370.391,-21
Sds-01-P1,477482.68,2036933.28,21.5,390.636,-21.5
Sds-01-P1,477482.68,2036933.28,22,382.693,-22
Sds-01-P1,477482.68,2036933.28,22.51,352.183,-22.51
Sds-01-P1,477482.68,2036933.28,23,367.647,-23
Sds-01-P1,477482.68,2036933.28,23.5,352.183,-23.5
Sds-01-P1,477482.68,2036933.28,24,380.72,-24
Sds-01-P1,477482.68,2036933.28,24.5,323.372,-24.5
Sds-01-P1,477482.68,2036933.28,24.99,268.817,-24.99
Sds-01-P1,477482.68,2036933.28,25.5,245.904,-25.5
Sds-01-P1,477482.68,2036933.28,26.02,234.384,-26.02
Sds-01-P1,477482.68,2036933.28,26.5,244.302,-26.5
Sds-01-P1,477482.68,2036933.28,27.01,234.375,-27.01
Sds-01-P1,477482.68,2036933.28,27.48,230.789,-27.48
Sds-01-P1,477482.68,2036933.28,28.01,283.023,-28.01
Sds-01-P1,477482.68,2036933.28,28.52,355.458,-28.52
Sds-01-P1,477482.68,2036933.28,28.99,341.022,-28.99
Sds-01-P1,477482.68,2036933.28,29.49,350.498,-29.49
Sds-01-P1,477482.68,2036933.28,29.99,326.309,-29.99
Sds-01-P1,477482.68,2036933.28,30.5,279.851,-30.5
Sds-01-P1,477482.68,2036933.28,31.01,271.753,-31.01
Sds-01-P1,477482.68,2036933.28,31.51,306.168,-31.51
Sds-01-P1,477482.68,2036933.28,31.98,311.209,-31.98
Sds-01-P1,477482.68,2036933.28,32.52,254.67,-32.52
Sds-01-P1,477482.68,2036933.28,33.02,254.24,-33.02
Sds-01-P1,477482.68,2036933.28,33.52,245.098,-33.52
Sds-01-P1,477482.68,2036933.28,34.02,182.704,-34.02
Sds-01-P1,477482.68,2036933.28,34.53,157.73,-34.53
Sds-01-P1,477482.68,2036933.28,35.02,155.286,-35.02
Sds-01-P1,477482.68,2036933.28,35.51,159.575,-35.51
Sds-01-P1,477482.68,2036933.28,36.02,152.13,-36.02
Sds-01-P1,477482.68,2036933.28,36.51,145.07,-36.51
Sds-01-P1,477482.68,2036933.28,37.01,150.301,-37.01
Sds-01-P1,477482.68,2036933.28,37.53,152.439,-37.53
Sds-01-P1,477482.68,2036933.28,38.03,150.605,-38.03
Sds-01-P1,477482.68,2036933.28,38.45,153.071,-38.45
Sds-01-P1,477482.68,2036933.28,39.01,174.015,-39.01
Sds-01-P1,477482.68,2036933.28,39.54,187.505,-39.54
Sds-01-P1,477482.68,2036933.28,40.02,212.466,-40.02
Sds-01-P1,477482.68,2036933.28,40.49,245.098,-40.49
Sds-01-P1,477482.68,2036933.28,41.02,267.871,-41.02
Sds-01-P1,477482.68,2036933.28,41.55,362.327,-41.55
Sds-01-P1,477482.68,2036933.28,42,345.63,-42
Sds-01-P1,477482.68,2036933.28,42.51,312.5,-42.51
Sds-01-P1,477482.68,2036933.28,42.99,289.104,-42.99
Sds-01-P1,477482.68,2036933.28,43.47,287.508,-43.47
Sds-01-P1,477482.68,2036933.28,44,297.619,-44
Sds-01-P1,477482.68,2036933.28,44.53,304.878,-44.53
Sds-01-P1,477482.68,2036933.28,45.01,303.131,-45.01
Sds-01-P1,477482.68,2036933.28,45.52,299.412,-45.52
Sds-01-P1,477482.68,2036933.28,46,305.06,-46
Sds-01-P1,477482.68,2036933.28,46.51,287.394,-46.51
Sds-01-P1,477482.68,2036933.28,47.01,299.498,-47.01
Sds-01-P1,477482.68,2036933.28,47.49,301.249,-47.49
Sds-01-P1,477482.68,2036933.28,48.01,284.128,-48.01
Sds-01-P1,477482.68,2036933.28,48.41,294.158,-48.41
Sds-01-P1,477482.68,2036933.28,49.01,299.412,-49.01
Sds-01-P1,477482.68,2036933.28,49.49,295.951,-49.49
Sds-01-P1,477482.68,2036933.28,50.01,312.94,-50.01
Sds-01-P1,477482.68,2036933.28,50.5,359.731,-50.5
Sds-01-P1,477482.68,2036933.28,51.01,347.289,-51.01
Sds-01-P1,477482.68,2036933.28,51.49,349.667,-51.49
Sds-01-P1,477482.68,2036933.28,52,347.222,-52
Sds-01-P1,477482.68,2036933.28,52.5,344.975,-52.5
Sds-01-P1,477482.68,2036933.28,53.02,352.183,-53.02
Sds-01-P1,477482.68,2036933.28,53.49,357.143,-53.49
Sds-01-P1,477482.68,2036933.28,53.98,359.731,-53.98
Sds-01-P1,477482.68,2036933.28,54.52,362.319,-54.52
Sds-01-P1,477482.68,2036933.28,54.99,347.289,-54.99
Sds-01-P1,477482.68,2036933.28,55.49,308.642,-55.49
Sds-01-P1,477482.68,2036933.28,56.01,297.661,-56.01
Sds-01-P1,477482.68,2036933.28,56.52,290.855,-56.52
Sds-01-P1,477482.68,2036933.28,56.99,308.83,-56.99
Sds-01-P1,477482.68,2036933.28,57.5,295.868,-57.5
Sds-01-P1,477482.68,2036933.28,57.98,289.027,-57.98
Sds-01-P1,477482.68,2036933.28,58.51,295.868,-58.51
Sds-01-P1,477482.68,2036933.28,59.01,297.619,-59.01
Sds-01-P1,477482.68,2036933.28,59.5,301.249,-59.5
Sds-01-P1,477482.68,2036933.28,60.03,362.624,-60.03
Sds-01-P1,477482.68,2036933.28,60.51,360.627,-60.51
Sds-01-P1,477482.68,2036933.28,60.99,373.467,-60.99
Sds-01-P1,477482.68,2036933.28,61.51,384.706,-61.51
Sds-01-P1,477482.68,2036933.28,62.02,367.727,-62.02
Sds-01-P1,477482.68,2036933.28,62.52,370.391,-62.52
Sds-01-P1,477482.68,2036933.28,62.99,359.731,-62.99
Sds-01-P1,477482.68,2036933.28,63.5,359.731,-63.5
Sds-01-P1,477482.68,2036933.28,63.99,362.395,-63.99
Sds-01-P1,477482.68,2036933.28,64.53,393.725,-64.53
Sds-01-P1,477482.68,2036933.28,65,384.706,-65
Sds-01-P1,477482.68,2036933.28,65.54,303.131,-65.54
Sds-01-P1,477482.68,2036933.28,65.99,347.826,-65.99
Sds-01-P1,477482.68,2036933.28,66.51,299.928,-66.51
Sds-01-P1,477482.68,2036933.28,67,301.249,-67
Sds-01-P1,477482.68,2036933.28,67.5,333.393,-67.5
Sds-01-P1,477482.68,2036933.28,68.01,308.83,-68.01
Sds-01-P1,477482.68,2036933.28,68.52,335.949,-68.52
Sds-01-P1,477482.68,2036933.28,69.01,367.727,-69.01
Sds-01-P1,477482.68,2036933.28,69.5,349.804,-69.5
Sds-01-P1,477482.68,2036933.28,70,347.49,-70
Sds-01-P1,477482.68,2036933.28,70.51,322.594,-70.51
Sds-01-P1,477482.68,2036933.28,71,367.727,-71
Sds-01-P1,477482.68,2036933.28,71.48,367.727,-71.48
Sds-01-P1,477482.68,2036933.28,71.98,397.727,-71.98
Sds-01-P1,477482.68,2036933.28,72.49,396.925,-72.49
Sds-01-P1,477482.68,2036933.28,72.98,370.553,-72.98
Sds-01-P1,477482.68,2036933.28,73.51,350.078,-73.51
Sds-01-P1,477482.68,2036933.28,74.01,360.178,-74.01
Sds-01-P1,477482.68,2036933.28,74.52,403.646,-74.52
Sds-01-P1,477482.68,2036933.28,75.01,416.782,-75.01
Sds-01-P1,477482.68,2036933.28,75.51,393.725,-75.51
Sds-01-P1,477482.68,2036933.28,76.03,396.925,-76.03
Sds-01-P1,477482.68,2036933.28,76.54,400.641,-76.54
Sds-01-P1,477482.68,2036933.28,77.03,413.93,-77.03
Sds-01-P1,477482.68,2036933.28,77.51,393.921,-77.51
Sds-01-P1,477482.68,2036933.28,78.03,409.946,-78.03
Sds-01-P1,477482.68,2036933.28,78.55,411.53,-78.55
Sds-01-P1,477482.68,2036933.28,79,389.394,-79
Sds-01-P1,477482.68,2036933.28,79.52,446.571,-79.52
Sds-01-P1,477482.68,2036933.28,80.01,460.918,-80.01
Sds-01-P1,477482.68,2036933.28,80.49,444.453,-80.49
Sds-01-P1,477482.68,2036933.28,81.02,420.198,-81.02
Sds-02-P1,477475,2036265.89,3.01,160.666,-3.01
Sds-02-P1,477475,2036265.89,3.51,130.769,-3.51
Sds-02-P1,477475,2036265.89,4,118.176,-4
Sds-02-P1,477475,2036265.89,4.51,136.993,-4.51
Sds-02-P1,477475,2036265.89,4.97,149.262,-4.97
Sds-02-P1,477475,2036265.89,5.51,150.612,-5.51
Sds-02-P1,477475,2036265.89,6,155.926,-6
Sds-02-P1,477475,2036265.89,6.51,176.275,-6.51
Sds-02-P1,477475,2036265.89,7.03,171.049,-7.03
Sds-02-P1,477475,2036265.89,7.51,184.149,-7.51
Sds-02-P1,477475,2036265.89,8.02,161.828,-8.02
Sds-02-P1,477475,2036265.89,8.53,145.636,-8.53
Sds-02-P1,477475,2036265.89,9.01,141.509,-9.01
Sds-02-P1,477475,2036265.89,9.51,129.983,-9.51
Sds-02-P1,477475,2036265.89,9.89,117.556,-9.89
Sds-02-P1,477475,2036265.89,10.49,132.511,-10.49
Sds-02-P1,477475,2036265.89,11.02,159.746,-11.02
Sds-02-P1,477475,2036265.89,11.48,141.376,-11.48
Sds-02-P1,477475,2036265.89,12,117.371,-12
Sds-02-P1,477475,2036265.89,12.49,111.607,-12.49
Sds-02-P1,477475,2036265.89,13.01,117.74,-13.01
Sds-02-P1,477475,2036265.89,13.5,126.481,-13.5
Sds-02-P1,477475,2036265.89,14.03,130.208,-14.03
Sds-02-P1,477475,2036265.89,14.5,135.87,-14.5
Sds-02-P1,477475,2036265.89,14.99,146.493,-14.99
Sds-02-P1,477475,2036265.89,15.49,164.836,-15.49
Sds-02-P1,477475,2036265.89,16.02,187.5,-16.02
Sds-02-P1,477475,2036265.89,16.55,177.729,-16.55
Sds-02-P1,477475,2036265.89,17.01,171.626,-17.01
Sds-02-P1,477475,2036265.89,17.49,198.151,-17.49
Sds-02-P1,477475,2036265.89,18.01,223.551,-18.01
Sds-02-P1,477475,2036265.89,18.49,206.651,-18.49
Sds-02-P1,477475,2036265.89,19.01,193.32,-19.01
Sds-02-P1,477475,2036265.89,19.51,202.459,-19.51
Sds-02-P1,477475,2036265.89,20,223.222,-20
Sds-02-P1,477475,2036265.89,20.48,200.558,-20.48
Sds-02-P1,477475,2036265.89,20.96,208.348,-20.96
Sds-02-P1,477475,2036265.89,21.51,215.524,-21.51
Sds-02-P1,477475,2036265.89,22.02,212.287,-22.02
Sds-02-P1,477475,2036265.89,22.49,214.041,-22.49
Sds-02-P1,477475,2036265.89,23.02,194.321,-23.02
Sds-02-P1,477475,2036265.89,23.5,215.524,-23.5
Sds-02-P1,477475,2036265.89,24,181.625,-24
Sds-02-P1,477475,2036265.89,24.51,215.043,-24.51
Sds-02-P1,477475,2036265.89,25,219.958,-25
Sds-02-P1,477475,2036265.89,25.46,224.042,-25.46
Sds-02-P1,477475,2036265.89,26.01,309.311,-26.01
Sds-02-P1,477475,2036265.89,26.52,348.845,-26.52
Sds-02-P1,477475,2036265.89,27.02,262.238,-27.02
Sds-02-P1,477475,2036265.89,27.5,265.021,-27.5
Sds-02-P1,477475,2036265.89,28.01,317.797,-28.01
Sds-02-P1,477475,2036265.89,28.51,296.559,-28.51
Sds-02-P1,477475,2036265.89,29.01,252.136,-29.01
Sds-02-P1,477475,2036265.89,29.51,214.928,-29.51
Sds-02-P1,477475,2036265.89,30.01,281.546,-30.01
Sds-02-P1,477475,2036265.89,30.5,246.311,-30.5
Sds-02-P1,477475,2036265.89,31,256.861,-31
Sds-02-P1,477475,2036265.89,31.51,272.24,-31.51
Sds-02-P1,477475,2036265.89,32.01,298.81,-32.01
Sds-02-P1,477475,2036265.89,32.51,265.988,-32.51
Sds-02-P1,477475,2036265.89,33.02,210.971,-33.02
Sds-02-P1,477475,2036265.89,33.5,205.493,-33.5
Sds-02-P1,477475,2036265.89,34.01,222.554,-34.01
Sds-02-P1,477475,2036265.89,34.51,224.559,-34.51
Sds-02-P1,477475,2036265.89,35,227.966,-35
Sds-02-P1,477475,2036265.89,35.5,221.894,-35.5
Sds-02-P1,477475,2036265.89,36.02,210.674,-36.02
Sds-02-P1,477475,2036265.89,36.5,203.254,-36.5
Sds-02-P1,477475,2036265.89,37.01,197.891,-37.01
Sds-02-P1,477475,2036265.89,37.51,203.81,-37.51
Sds-02-P1,477475,2036265.89,38,205.481,-38
Sds-02-P1,477475,2036265.89,38.5,210.674,-38.5
Sds-02-P1,477475,2036265.89,38.99,234.384,-38.99
Sds-02-P1,477475,2036265.89,39.5,253.378,-39.5
Sds-02-P1,477475,2036265.89,40,273.723,-40
Sds-02-P1,477475,2036265.89,40.52,284.107,-40.52
Sds-02-P1,477475,2036265.89,41.02,309.965,-41.02
Sds-02-P1,477475,2036265.89,41.48,257.808,-41.48
Sds-02-P1,477475,2036265.89,42.03,268.378,-42.03
Sds-02-P1,477475,2036265.89,42.5,280.903,-42.5
Sds-02-P1,477475,2036265.89,43.03,301.249,-43.03
Sds-02-P1,477475,2036265.89,43.49,301.21,-43.49
Sds-02-P1,477475,2036265.89,44.01,340.138,-44.01
Sds-02-P1,477475,2036265.89,44.48,349.207,-44.48
Sds-02-P1,477475,2036265.89,45,345.63,-45
Sds-02-P1,477475,2036265.89,45.52,312.522,-45.52
Sds-02-P1,477475,2036265.89,46.02,299.498,-46.02
Sds-02-P1,477475,2036265.89,46.53,339.429,-46.53
Sds-02-P1,477475,2036265.89,46.99,348.845,-46.99
Sds-02-P1,477475,2036265.89,47.52,264.098,-47.52
Sds-02-P1,477475,2036265.89,47.99,284.238,-47.99
Sds-02-P1,477475,2036265.89,48.51,313.857,-48.51
Sds-02-P1,477475,2036265.89,49.03,293.597,-49.03
Sds-02-P1,477475,2036265.89,49.53,353.381,-49.53
Sds-02-P1,477475,2036265.89,50.02,302.542,-50.02
Sds-02-P1,477475,2036265.89,50.55,250,-50.55
Sds-02-P1,477475,2036265.89,51.02,244.323,-51.02
Sds-02-P1,477475,2036265.89,51.51,259.544,-51.51
Sds-02-P1,477475,2036265.89,52.02,265.021,-52.02
Sds-02-P1,477475,2036265.89,52.56,311.337,-52.56
Sds-02-P1,477475,2036265.89,53.01,261.327,-53.01
Sds-02-P1,477475,2036265.89,53.5,286.264,-53.5
Sds-02-P1,477475,2036265.89,54.02,289.787,-54.02
Sds-02-P1,477475,2036265.89,54.51,291.316,-54.51
Sds-02-P1,477475,2036265.89,55,291.448,-55
Sds-02-P1,477475,2036265.89,55.51,242.843,-55.51
Sds-02-P1,477475,2036265.89,56.01,300.005,-56.01
Sds-02-P1,477475,2036265.89,56.51,375.038,-56.51
Sds-02-P1,477475,2036265.89,57,382.653,-57
Sds-02-P1,477475,2036265.89,57.53,367.789,-57.53
Sds-02-P1,477475,2036265.89,58.01,297.788,-58.01
Sds-02-P1,477475,2036265.89,58.48,290.698,-58.48
Sds-02-P1,477475,2036265.89,58.99,312.522,-58.99
Sds-02-P1,477475,2036265.89,59.5,310.256,-59.5
Sds-02-P1,477475,2036265.89,60.02,376.894,-60.02
Sds-02-P1,477475,2036265.89,60.52,296.447,-60.52
Sds-02-P1,477475,2036265.89,60.99,333.34,-60.99
Sds-02-P1,477475,2036265.89,61.48,344.153,-61.48
Sds-02-P1,477475,2036265.89,61.99,382.653,-61.99
Sds-02-P1,477475,2036265.89,62.49,378.788,-62.49
Sds-02-P1,477475,2036265.89,63.02,382.693,-63.02
Sds-02-P1,477475,2036265.89,63.49,419.112,-63.49
Sds-02-P1,477475,2036265.89,63.98,443.927,-63.98
Sds-02-P1,477475,2036265.89,64.47,457.385,-64.47
Sds-02-P1,477475,2036265.89,65.02,365.932,-65.02
Sds-02-P1,477475,2036265.89,65.48,297.638,-65.48
Sds-02-P1,477475,2036265.89,66.05,367.682,-66.05
Sds-02-P1,477475,2036265.89,66.51,385.607,-66.51
Sds-02-P1,477475,2036265.89,66.99,364.215,-66.99
Sds-02-P1,477475,2036265.89,67.49,369.467,-67.49
Sds-02-P1,477475,2036265.89,67.99,345.63,-67.99
Sds-02-P1,477475,2036265.89,68.51,383.012,-68.51
Sds-02-P1,477475,2036265.89,69.01,297.619,-69.01
Sds-02-P1,477475,2036265.89,69.48,290.715,-69.48
Sds-02-P1,477475,2036265.89,70,451.807,-70
Sds-02-P1,477475,2036265.89,70.5,331.962,-70.5
Sds-02-P1,477475,2036265.89,70.99,339.373,-70.99
Sds-02-P1,477475,2036265.89,71.51,374.469,-71.51
Sds-02-P1,477475,2036265.89,72.03,426.357,-72.03
Sds-02-P1,477475,2036265.89,72.55,384.626,-72.55
Sds-02-P1,477475,2036265.89,72.99,378.943,-72.99
Sds-02-P1,477475,2036265.89,73.48,347.252,-73.48
Sds-02-P1,477475,2036265.89,74.01,347.252,-74.01
Sds-02-P1,477475,2036265.89,74.48,316.507,-74.48
Sds-02-P1,477475,2036265.89,75,333.393,-75
Sds-02-P1,477475,2036265.89,75.51,303.131,-75.51
Sds-02-P1,477475,2036265.89,75.99,367.965,-75.99
Sds-02-P1,477475,2036265.89,76.49,259.593,-76.49
Sds-02-P1,477475,2036265.89,76.99,252.528,-76.99
Sds-02-P1,477475,2036265.89,77.52,285.274,-77.52
Sds-02-P1,477475,2036265.89,78.02,277.915,-78.02
Sds-02-P1,477475,2036265.89,78.52,482.375,-78.52
Sds-02-P1,477475,2036265.89,79.03,455.902,-79.03
Sds-02-P1,477475,2036265.89,79.53,358.046,-79.53
Sds-02-P1,477475,2036265.89,80,382.236,-80
Sds-02-P1,477475,2036265.89,80.51,362.353,-80.51
Sds-02-P1,477475,2036265.89,81.02,382.653,-81.02
Sds-02-P1,477475,2036265.89,81.49,352.493,-81.49
Sds-02-P1,477475,2036265.89,82.02,382.813,-82.02
Sds-02-P1,477475,2036265.89,82.53,384.706,-82.53
Sds-02-P1,477475,2036265.89,82.95,384.777,-82.95
Sds-02-P1,477475,2036265.89,83.5,394.737,-83.5
Sds-02-P1,477475,2036265.89,83.98,381.192,-83.98
Sds-03-P1,477575,2038153.75,2.49,148.815,-2.49
Sds-03-P1,477575,2038153.75,3.02,183.824,-3.02
Sds-03-P1,477575,2038153.75,3.52,232.563,-3.52
Sds-03-P1,477575,2038153.75,4.08,222.332,-4.08
Sds-03-P1,477575,2038153.75,4.48,199.206,-4.48
Sds-03-P1,477575,2038153.75,4.99,190.884,-4.99
Sds-03-P1,477575,2038153.75,5.48,165.57,-5.48
Sds-03-P1,477575,2038153.75,5.96,165.57,-5.96
Sds-03-P1,477575,2038153.75,6.5,177.305,-6.5
Sds-03-P1,477575,2038153.75,7,184.504,-7
Sds-03-P1,477575,2038153.75,7.49,189.405,-7.49
Sds-03-P1,477575,2038153.75,7.98,179.214,-7.98
Sds-03-P1,477575,2038153.75,8.51,193.81,-8.51
Sds-03-P1,477575,2038153.75,9,207.472,-9
Sds-03-P1,477575,2038153.75,9.49,218.345,-9.49
Sds-03-P1,477575,2038153.75,10.02,196.863,-10.02
Sds-03-P1,477575,2038153.75,10.49,192.353,-10.49
Sds-03-P1,477575,2038153.75,11.04,201.626,-11.04
Sds-03-P1,477575,2038153.75,11.5,204.085,-11.5
Sds-03-P1,477575,2038153.75,12,179.214,-12
Sds-03-P1,477575,2038153.75,12.52,157.233,-12.52
Sds-03-P1,477575,2038153.75,13.02,170.651,-13.02
Sds-03-P1,477575,2038153.75,13.52,196.595,-13.52
Sds-03-P1,477575,2038153.75,14.06,213.677,-14.06
Sds-03-P1,477575,2038153.75,14.45,186.802,-14.45
Sds-03-P1,477575,2038153.75,15.01,168.539,-15.01
Sds-03-P1,477575,2038153.75,15.49,188.682,-15.49
Sds-03-P1,477575,2038153.75,16.02,186.572,-16.02
Sds-03-P1,477575,2038153.75,16.49,168.561,-16.49
Sds-03-P1,477575,2038153.75,16.99,174.218,-16.99
Sds-03-P1,477575,2038153.75,17.46,191.091,-17.46
Sds-03-P1,477575,2038153.75,17.99,207.472,-17.99
Sds-03-P1,477575,2038153.75,18.46,208.92,-18.46
Sds-03-P1,477575,2038153.75,18.99,210.781,-18.99
Sds-03-P1,477575,2038153.75,19.52,217.393,-19.52
Sds-03-P1,477575,2038153.75,19.97,226.605,-19.97
Sds-03-P1,477575,2038153.75,20.46,216.14,-20.46
Sds-03-P1,477575,2038153.75,21,219.972,-21
Sds-03-P1,477575,2038153.75,21.51,192.308,-21.51
Sds-03-P1,477575,2038153.75,21.99,178.156,-21.99
Sds-03-P1,477575,2038153.75,22.53,198.952,-22.53
Sds-03-P1,477575,2038153.75,22.97,222.883,-22.97
Sds-03-P1,477575,2038153.75,23.48,227.972,-23.48
Sds-03-P1,477575,2038153.75,23.98,231.482,-23.98
Sds-03-P1,477575,2038153.75,24.51,209.504,-24.51
Sds-03-P1,477575,2038153.75,25.02,197.109,-25.02
Sds-03-P1,477575,2038153.75,25.51,203.254,-25.51
Sds-03-P1,477575,2038153.75,26.04,223.883,-26.04
Sds-03-P1,477575,2038153.75,26.51,229.36,-26.51
Sds-03-P1,477575,2038153.75,26.99,228.667,-26.99
Sds-03-P1,477575,2038153.75,27.49,224.559,-27.49
Sds-03-P1,477575,2038153.75,28.01,241.976,-28.01
Sds-03-P1,477575,2038153.75,28.5,236.226,-28.5
Sds-03-P1,477575,2038153.75,29,234.747,-29
Sds-03-P1,477575,2038153.75,29.49,234.747,-29.49
Sds-03-P1,477575,2038153.75,29.97,238.098,-29.97
Sds-03-P1,477575,2038153.75,30.47,235.131,-30.47
Sds-03-P1,477575,2038153.75,30.99,246.711,-30.99
Sds-03-P1,477575,2038153.75,31.49,248.344,-31.49
Sds-03-P1,477575,2038153.75,32,267.871,-32
Sds-03-P1,477575,2038153.75,32.5,310.002,-32.5
Sds-03-P1,477575,2038153.75,33.01,295.868,-33.01
Sds-03-P1,477575,2038153.75,33.44,294.697,-33.44
Sds-03-P1,477575,2038153.75,34,290.715,-34
Sds-03-P1,477575,2038153.75,34.49,289.614,-34.49
Sds-03-P1,477575,2038153.75,35.01,292.969,-35.01
Sds-03-P1,477575,2038153.75,35.51,289.58,-35.51
Sds-03-P1,477575,2038153.75,36.02,198.435,-36.02
Sds-03-P1,477575,2038153.75,36.54,177.126,-36.54
Sds-03-P1,477575,2038153.75,37.02,170.857,-37.02
Sds-03-P1,477575,2038153.75,37.51,217.81,-37.51
Sds-03-P1,477575,2038153.75,37.99,190.884,-37.99
Sds-03-P1,477575,2038153.75,38.5,178.998,-38.5
Sds-03-P1,477575,2038153.75,39,219.418,-39
Sds-03-P1,477575,2038153.75,39.5,215.533,-39.5
Sds-03-P1,477575,2038153.75,40,234.522,-40
Sds-03-P1,477575,2038153.75,40.51,213.691,-40.51
Sds-03-P1,477575,2038153.75,41.03,181.65,-41.03
Sds-03-P1,477575,2038153.75,41.51,220.925,-41.51
Sds-03-P1,477575,2038153.75,41.97,199.474,-41.97
Sds-03-P1,477575,2038153.75,42.49,185.876,-42.49
Sds-03-P1,477575,2038153.75,43.03,176.891,-43.03
Sds-03-P1,477575,2038153.75,43.51,228.693,-43.51
Sds-03-P1,477575,2038153.75,44.02,245.968,-44.02
Sds-03-P1,477575,2038153.75,44.49,233.829,-44.49
Sds-03-P1,477575,2038153.75,44.99,256.047,-44.99
Sds-03-P1,477575,2038153.75,45.52,280.997,-45.52
Sds-03-P1,477575,2038153.75,45.97,297.638,-45.97
Sds-03-P1,477575,2038153.75,46.51,263.239,-46.51
Sds-03-P1,477575,2038153.75,47.01,246.721,-47.01
Sds-03-P1,477575,2038153.75,47.5,280.962,-47.5
Sds-03-P1,477575,2038153.75,48,233.309,-48
Sds-03-P1,477575,2038153.75,48.51,242.327,-48.51
Sds-03-P1,477575,2038153.75,49.03,237.79,-49.03
Sds-03-P1,477575,2038153.75,49.57,263.641,-49.57
Sds-03-P1,477575,2038153.75,49.97,261.48,-49.97
Sds-03-P1,477575,2038153.75,50.49,260.467,-50.49
Sds-03-P1,477575,2038153.75,50.99,280.934,-50.99
Sds-03-P1,477575,2038153.75,51.5,263.161,-51.5
Sds-03-P1,477575,2038153.75,52,270.846,-52
Sds-03-P1,477575,2038153.75,52.49,275.75,-52.49
Sds-03-P1,477575,2038153.75,53.01,287.508,-53.01
Sds-03-P1,477575,2038153.75,53.5,279.354,-53.5
Sds-03-P1,477575,2038153.75,53.99,275.75,-53.99
Sds-03-P1,477575,2038153.75,54.49,297.661,-54.49
Sds-03-P1,477575,2038153.75,54.96,316.456,-54.96
Sds-03-P1,477575,2038153.75,55.43,293.04,-55.43
Sds-03-P1,477575,2038153.75,56,261.353,-56
Sds-03-P1,477575,2038153.75,56.49,233.702,-56.49
Sds-03-P1,477575,2038153.75,57.04,274.725,-57.04
Sds-03-P1,477575,2038153.75,57.49,265.988,-57.49
Sds-03-P1,477575,2038153.75,57.98,299.498,-57.98
Sds-03-P1,477575,2038153.75,58.49,297.171,-58.49
Sds-03-P1,477575,2038153.75,59,311.337,-59
Sds-03-P1,477575,2038153.75,59.5,297.087,-59.5
Sds-03-P1,477575,2038153.75,60.02,282.567,-60.02
Sds-03-P1,477575,2038153.75,60.49,307.398,-60.49
Sds-03-P1,477575,2038153.75,60.99,324.675,-60.99
Sds-03-P1,477575,2038153.75,61.47,297.619,-61.47
Sds-03-P1,477575,2038153.75,61.99,289.575,-61.99
Sds-03-P1,477575,2038153.75,62.49,284.193,-62.49
Sds-03-P1,477575,2038153.75,63,289.027,-63
Sds-03-P1,477575,2038153.75,63.49,339.373,-63.49
Sds-03-P1,477575,2038153.75,63.99,357.175,-63.99
Sds-03-P1,477575,2038153.75,64.48,334.848,-64.48
Sds-03-P1,477575,2038153.75,65.01,334.821,-65.01
Sds-03-P1,477575,2038153.75,65.5,333.34,-65.5
Sds-03-P1,477575,2038153.75,65.98,357.143,-65.98
Sds-03-P1,477575,2038153.75,66.49,342.53,-66.49
Sds-03-P1,477575,2038153.75,67,347.49,-67
Sds-03-P1,477575,2038153.75,67.5,337.845,-67.5
Sds-03-P1,477575,2038153.75,67.99,386.639,-67.99
Sds-03-P1,477575,2038153.75,68.5,326.093,-68.5
Sds-03-P1,477575,2038153.75,68.97,342.473,-68.97
Sds-03-P1,477575,2038153.75,69.45,340.973,-69.45
Sds-03-P1,477575,2038153.75,69.98,321.894,-69.98
Sds-03-P1,477575,2038153.75,70.49,366.768,-70.49
Sds-03-P1,477575,2038153.75,71,375.038,-71
Sds-03-P1,477575,2038153.75,71.48,354.628,-71.48
Sds-03-P1,477575,2038153.75,71.94,403.412,-71.94
Sds-03-P1,477575,2038153.75,72.48,392.681,-72.48
Sds-03-P1,477575,2038153.75,73,400.231,-73
Sds-03-P1,477575,2038153.75,73.49,391.648,-73.49
Sds-03-P1,477575,2038153.75,73.98,414.567,-73.98
Sds-03-P1,477575,2038153.75,74.5,414.377,-74.5
Sds-03-P1,477575,2038153.75,75.01,359.731,-75.01
Sds-03-P1,477575,2038153.75,75.49,403.226,-75.49
Sds-03-P1,477575,2038153.75,76.04,380.75,-76.04
Sds-03-P1,477575,2038153.75,76.49,408.795,-76.49
Sds-03-P1,477575,2038153.75,77.01,366.856,-77.01
Sds-03-P1,477575,2038153.75,77.49,362.319,-77.49
Sds-03-P1,477575,2038153.75,78.01,347.341,-78.01
Sds-03-P1,477575,2038153.75,78.48,394.781,-78.48
Sds-03-P1,477575,2038153.75,79.04,399.117,-79.04
Sds-03-P1,477575,2038153.75,79.52,384.615,-79.52
Sds-03-P1,477575,2038153.75,79.99,378.5245,-79.99
Sds-03-P1,477575,2038153.75,80.49,384.938,-80.49
Sds-03-P1,477575,2038153.75,81.03,423.8505,-81.03
Sds-03-P1,477575,2038153.75,81.5,407.657,-81.5
Sds-01-P2,478456.21,2037422.3,3.01,160.666,-3.01
Sds-01-P2,478456.21,2037422.3,3.51,130.769,-3.51
Sds-01-P2,478456.21,2037422.3,4,118.176,-4
Sds-01-P2,478456.21,2037422.3,4.51,136.993,-4.51
Sds-01-P2,478456.21,2037422.3,4.97,149.262,-4.97
Sds-01-P2,478456.21,2037422.3,5.51,150.612,-5.51
Sds-01-P2,478456.21,2037422.3,6,155.926,-6
Sds-01-P2,478456.21,2037422.3,6.51,176.275,-6.51
Sds-01-P2,478456.21,2037422.3,7.03,171.049,-7.03
Sds-01-P2,478456.21,2037422.3,7.51,184.149,-7.51
Sds-01-P2,478456.21,2037422.3,8.02,161.828,-8.02
Sds-01-P2,478456.21,2037422.3,8.53,145.636,-8.53
Sds-01-P2,478456.21,2037422.3,9.01,141.509,-9.01
Sds-01-P2,478456.21,2037422.3,9.51,129.983,-9.51
Sds-01-P2,478456.21,2037422.3,9.89,117.556,-9.89
Sds-01-P2,478456.21,2037422.3,10.49,132.511,-10.49
Sds-01-P2,478456.21,2037422.3,11.02,159.746,-11.02
Sds-01-P2,478456.21,2037422.3,11.48,141.376,-11.48
Sds-01-P2,478456.21,2037422.3,12,117.371,-12
Sds-01-P2,478456.21,2037422.3,12.49,111.607,-12.49
Sds-01-P2,478456.21,2037422.3,13.01,117.74,-13.01
Sds-01-P2,478456.21,2037422.3,13.5,126.481,-13.5
Sds-01-P2,478456.21,2037422.3,14.03,130.208,-14.03
Sds-01-P2,478456.21,2037422.3,14.5,135.87,-14.5
Sds-01-P2,478456.21,2037422.3,14.99,146.493,-14.99
Sds-01-P2,478456.21,2037422.3,15.49,164.836,-15.49
Sds-01-P2,478456.21,2037422.3,16.02,187.5,-16.02
Sds-01-P2,478456.21,2037422.3,16.55,177.729,-16.55
Sds-01-P2,478456.21,2037422.3,17.01,171.626,-17.01
Sds-01-P2,478456.21,2037422.3,17.49,198.151,-17.49
Sds-01-P2,478456.21,2037422.3,18.01,223.551,-18.01
Sds-01-P2,478456.21,2037422.3,18.49,206.651,-18.49
Sds-01-P2,478456.21,2037422.3,19.01,193.32,-19.01
Sds-01-P2,478456.21,2037422.3,19.51,202.459,-19.51
Sds-01-P2,478456.21,2037422.3,20,223.222,-20
Sds-01-P2,478456.21,2037422.3,20.48,200.558,-20.48
Sds-01-P2,478456.21,2037422.3,20.96,208.348,-20.96
Sds-01-P2,478456.21,2037422.3,21.51,215.524,-21.51
Sds-01-P2,478456.21,2037422.3,22.02,212.287,-22.02
Sds-01-P2,478456.21,2037422.3,22.49,214.041,-22.49
Sds-01-P2,478456.21,2037422.3,23.02,194.321,-23.02
Sds-01-P2,478456.21,2037422.3,23.5,215.524,-23.5
Sds-01-P2,478456.21,2037422.3,24,181.625,-24
Sds-01-P2,478456.21,2037422.3,24.51,215.043,-24.51
Sds-01-P2,478456.21,2037422.3,25,219.958,-25
Sds-01-P2,478456.21,2037422.3,25.46,224.042,-25.46
Sds-01-P2,478456.21,2037422.3,26.01,309.311,-26.01
Sds-01-P2,478456.21,2037422.3,26.52,348.845,-26.52
Sds-01-P2,478456.21,2037422.3,27.02,262.238,-27.02
Sds-01-P2,478456.21,2037422.3,27.5,265.021,-27.5
Sds-01-P2,478456.21,2037422.3,28.01,317.797,-28.01
Sds-01-P2,478456.21,2037422.3,28.51,296.559,-28.51
Sds-01-P2,478456.21,2037422.3,29.01,252.136,-29.01
Sds-01-P2,478456.21,2037422.3,29.51,214.928,-29.51
Sds-01-P2,478456.21,2037422.3,30.01,281.546,-30.01
Sds-01-P2,478456.21,2037422.3,30.5,246.311,-30.5
Sds-01-P2,478456.21,2037422.3,31,256.861,-31
Sds-01-P2,478456.21,2037422.3,31.51,272.24,-31.51
Sds-01-P2,478456.21,2037422.3,32.01,298.81,-32.01
Sds-01-P2,478456.21,2037422.3,32.51,265.988,-32.51
Sds-01-P2,478456.21,2037422.3,33.02,210.971,-33.02
Sds-01-P2,478456.21,2037422.3,33.5,205.493,-33.5
Sds-01-P2,478456.21,2037422.3,34.01,222.554,-34.01
Sds-01-P2,478456.21,2037422.3,34.51,224.559,-34.51
Sds-01-P2,478456.21,2037422.3,35,227.966,-35
Sds-01-P2,478456.21,2037422.3,35.5,221.894,-35.5
Sds-01-P2,478456.21,2037422.3,36.02,210.674,-36.02
Sds-01-P2,478456.21,2037422.3,36.5,203.254,-36.5
Sds-01-P2,478456.21,2037422.3,37.01,197.891,-37.01
Sds-01-P2,478456.21,2037422.3,37.51,203.81,-37.51
Sds-01-P2,478456.21,2037422.3,38,205.481,-38
Sds-01-P2,478456.21,2037422.3,38.5,210.674,-38.5
Sds-01-P2,478456.21,2037422.3,38.99,234.384,-38.99
Sds-01-P2,478456.21,2037422.3,39.5,253.378,-39.5
Sds-01-P2,478456.21,2037422.3,40,273.723,-40
Sds-01-P2,478456.21,2037422.3,40.52,284.107,-40.52
Sds-01-P2,478456.21,2037422.3,41.02,309.965,-41.02
Sds-01-P2,478456.21,2037422.3,41.48,257.808,-41.48
Sds-01-P2,478456.21,2037422.3,42.03,268.378,-42.03
Sds-01-P2,478456.21,2037422.3,42.5,280.903,-42.5
Sds-01-P2,478456.21,2037422.3,43.03,301.249,-43.03
Sds-01-P2,478456.21,2037422.3,43.49,301.21,-43.49
Sds-01-P2,478456.21,2037422.3,44.01,340.138,-44.01
Sds-01-P2,478456.21,2037422.3,44.48,349.207,-44.48
Sds-01-P2,478456.21,2037422.3,45,345.63,-45
Sds-01-P2,478456.21,2037422.3,45.52,312.522,-45.52
Sds-01-P2,478456.21,2037422.3,46.02,299.498,-46.02
Sds-01-P2,478456.21,2037422.3,46.53,339.429,-46.53
Sds-01-P2,478456.21,2037422.3,46.99,348.845,-46.99
Sds-01-P2,478456.21,2037422.3,47.52,264.098,-47.52
Sds-01-P2,478456.21,2037422.3,47.99,284.238,-47.99
Sds-01-P2,478456.21,2037422.3,48.51,313.857,-48.51
Sds-01-P2,478456.21,2037422.3,49.03,293.597,-49.03
Sds-01-P2,478456.21,2037422.3,49.53,353.381,-49.53
Sds-01-P2,478456.21,2037422.3,50.02,302.542,-50.02
Sds-01-P2,478456.21,2037422.3,50.55,250,-50.55
Sds-01-P2,478456.21,2037422.3,51.02,244.323,-51.02
Sds-01-P2,478456.21,2037422.3,51.51,259.544,-51.51
Sds-01-P2,478456.21,2037422.3,52.02,265.021,-52.02
Sds-01-P2,478456.21,2037422.3,52.56,311.337,-52.56
Sds-01-P2,478456.21,2037422.3,53.01,261.327,-53.01
Sds-01-P2,478456.21,2037422.3,53.5,286.264,-53.5
Sds-01-P2,478456.21,2037422.3,54.02,289.787,-54.02
Sds-01-P2,478456.21,2037422.3,54.51,291.316,-54.51
Sds-01-P2,478456.21,2037422.3,55,291.448,-55
Sds-01-P2,478456.21,2037422.3,55.51,242.843,-55.51
Sds-01-P2,478456.21,2037422.3,56.01,300.005,-56.01
Sds-01-P2,478456.21,2037422.3,56.51,375.038,-56.51
Sds-01-P2,478456.21,2037422.3,57,382.653,-57
Sds-01-P2,478456.21,2037422.3,57.53,367.789,-57.53
Sds-01-P2,478456.21,2037422.3,58.01,297.788,-58.01
Sds-01-P2,478456.21,2037422.3,58.48,290.698,-58.48
Sds-01-P2,478456.21,2037422.3,58.99,312.522,-58.99
Sds-01-P2,478456.21,2037422.3,59.5,310.256,-59.5
Sds-01-P2,478456.21,2037422.3,60.02,376.894,-60.02
Sds-01-P2,478456.21,2037422.3,60.52,296.447,-60.52
Sds-01-P2,478456.21,2037422.3,60.99,333.34,-60.99
Sds-01-P2,478456.21,2037422.3,61.48,344.153,-61.48
Sds-01-P2,478456.21,2037422.3,61.99,382.653,-61.99
Sds-01-P2,478456.21,2037422.3,62.49,378.788,-62.49
Sds-01-P2,478456.21,2037422.3,63.02,382.693,-63.02
Sds-01-P2,478456.21,2037422.3,63.49,419.112,-63.49
Sds-01-P2,478456.21,2037422.3,63.98,443.927,-63.98
Sds-01-P2,478456.21,2037422.3,64.47,457.385,-64.47
Sds-01-P2,478456.21,2037422.3,65.02,365.932,-65.02
Sds-01-P2,478456.21,2037422.3,65.48,297.638,-65.48
Sds-01-P2,478456.21,2037422.3,66.05,367.682,-66.05
Sds-01-P2,478456.21,2037422.3,66.51,385.607,-66.51
Sds-01-P2,478456.21,2037422.3,66.99,364.215,-66.99
Sds-01-P2,478456.21,2037422.3,67.49,369.467,-67.49
Sds-01-P2,478456.21,2037422.3,67.99,345.63,-67.99
Sds-01-P2,478456.21,2037422.3,68.51,383.012,-68.51
Sds-01-P2,478456.21,2037422.3,69.01,297.619,-69.01
Sds-01-P2,478456.21,2037422.3,69.48,290.715,-69.48
Sds-01-P2,478456.21,2037422.3,70,451.807,-70
Sds-01-P2,478456.21,2037422.3,70.5,331.962,-70.5
Sds-01-P2,478456.21,2037422.3,70.99,339.373,-70.99
Sds-01-P2,478456.21,2037422.3,71.51,374.469,-71.51
Sds-01-P2,478456.21,2037422.3,72.03,426.357,-72.03
Sds-01-P2,478456.21,2037422.3,72.55,384.626,-72.55
Sds-01-P2,478456.21,2037422.3,72.99,378.943,-72.99
Sds-01-P2,478456.21,2037422.3,73.48,347.252,-73.48
Sds-01-P2,478456.21,2037422.3,74.01,347.252,-74.01
Sds-01-P2,478456.21,2037422.3,74.48,316.507,-74.48
Sds-01-P2,478456.21,2037422.3,75,333.393,-75
Sds-01-P2,478456.21,2037422.3,75.51,303.131,-75.51
Sds-01-P2,478456.21,2037422.3,75.99,367.965,-75.99
Sds-01-P2,478456.21,2037422.3,76.49,259.593,-76.49
Sds-01-P2,478456.21,2037422.3,76.99,252.528,-76.99
Sds-01-P2,478456.21,2037422.3,77.52,285.274,-77.52
Sds-01-P2,478456.21,2037422.3,78.02,277.915,-78.02
Sds-01-P2,478456.21,2037422.3,78.52,482.375,-78.52
Sds-01-P2,478456.21,2037422.3,79.03,455.902,-79.03
Sds-01-P2,478456.21,2037422.3,79.53,358.046,-79.53
Sds-01-P2,478456.21,2037422.3,80,382.236,-80
Sds-01-P2,478456.21,2037422.3,80.51,362.353,-80.51
Sds-01-P2,478456.21,2037422.3,81.02,382.653,-81.02
Sds-01-P2,478456.21,2037422.3,81.49,352.493,-81.49
Sds-01-P2,478456.21,2037422.3,82.02,382.813,-82.02
Sds-01-P2,478456.21,2037422.3,82.53,384.706,-82.53
Sds-01-P2,478456.21,2037422.3,82.95,384.777,-82.95
Sds-02-P2,479132.7,2036864.76,83.5,394.737,-83.5
Sds-02-P2,479132.7,2036864.76,83.98,381.192,-83.98
Sds-02-P2,479132.7,2036864.76,3.5,72.728,-3.5
Sds-02-P2,479132.7,2036864.76,4.01,56.984,-4.01
Sds-02-P2,479132.7,2036864.76,4.48,102.041,-4.48
Sds-02-P2,479132.7,2036864.76,5,98.077,-5
Sds-02-P2,479132.7,2036864.76,5.5,109.371,-5.5
Sds-02-P2,479132.7,2036864.76,6.02,127.394,-6.02
Sds-02-P2,479132.7,2036864.76,6.52,100,-6.52
Sds-02-P2,479132.7,2036864.76,7.02,89.35,-7.02
Sds-02-P2,479132.7,2036864.76,7.51,111.111,-7.51
Sds-02-P2,479132.7,2036864.76,8,97.619,-8
Sds-02-P2,479132.7,2036864.76,8.52,84.39,-8.52
Sds-02-P2,479132.7,2036864.76,9.02,114.564,-9.02
Sds-02-P2,479132.7,2036864.76,9.5,91.894,-9.5
Sds-02-P2,479132.7,2036864.76,10.01,107.412,-10.01
Sds-02-P2,479132.7,2036864.76,10.49,79.2,-10.49
Sds-02-P2,479132.7,2036864.76,11,69.698,-11
Sds-02-P2,479132.7,2036864.76,11.5,98.37,-11.5
Sds-02-P2,479132.7,2036864.76,12,77.221,-12
Sds-02-P2,479132.7,2036864.76,12.5,94.971,-12.5
Sds-02-P2,479132.7,2036864.76,13.01,75.515,-13.01
Sds-02-P2,479132.7,2036864.76,13.53,91.988,-13.53
Sds-02-P2,479132.7,2036864.76,13.98,126.664,-13.98
Sds-02-P2,479132.7,2036864.76,14.49,97.805,-14.49
Sds-02-P2,479132.7,2036864.76,15.03,114.286,-15.03
Sds-02-P2,479132.7,2036864.76,15.5,85.288,-15.5
Sds-02-P2,479132.7,2036864.76,16,117.712,-16
Sds-02-P2,479132.7,2036864.76,16.5,104.099,-16.5
Sds-02-P2,479132.7,2036864.76,17,120.484,-17
Sds-02-P2,479132.7,2036864.76,17.5,123.969,-17.5
Sds-02-P2,479132.7,2036864.76,17.99,136.574,-17.99
Sds-02-P2,479132.7,2036864.76,18.5,115.778,-18.5
Sds-02-P2,479132.7,2036864.76,19.01,117.995,-19.01
Sds-02-P2,479132.7,2036864.76,19.52,94.34,-19.52
Sds-02-P2,479132.7,2036864.76,20.01,240.004,-20.01
Sds-02-P2,479132.7,2036864.76,20.51,203.392,-20.51
Sds-02-P2,479132.7,2036864.76,21.02,266.714,-21.02
Sds-02-P2,479132.7,2036864.76,21.52,218.781,-21.52
Sds-02-P2,479132.7,2036864.76,22.01,241.435,-22.01
Sds-02-P2,479132.7,2036864.76,22.52,267.879,-22.52
Sds-02-P2,479132.7,2036864.76,22.99,258.582,-22.99
Sds-02-P2,479132.7,2036864.76,23.51,318.045,-23.51
Sds-02-P2,479132.7,2036864.76,24.04,247.585,-24.04
Sds-02-P2,479132.7,2036864.76,24.51,298.87,-24.51
Sds-02-P2,479132.7,2036864.76,25.01,405.702,-25.01
Sds-02-P2,479132.7,2036864.76,25.52,333.817,-25.52
Sds-02-P2,479132.7,2036864.76,26.02,263.741,-26.02
Sds-02-P2,479132.7,2036864.76,26.5,258.086,-26.5
Sds-02-P2,479132.7,2036864.76,27.03,281.995,-27.03
Sds-02-P2,479132.7,2036864.76,27.52,288.568,-27.52
Sds-02-P2,479132.7,2036864.76,28.07,256.429,-28.07
Sds-02-P2,479132.7,2036864.76,28.51,252.172,-28.51
Sds-02-P2,479132.7,2036864.76,29.03,300.481,-29.03
Sds-02-P2,479132.7,2036864.76,29.51,309.575,-29.51
Sds-02-P2,479132.7,2036864.76,30,298.87,-30
Sds-02-P2,479132.7,2036864.76,30.51,316.667,-30.51
Sds-02-P2,479132.7,2036864.76,31.02,276.066,-31.02
Sds-02-P2,479132.7,2036864.76,31.5,289.916,-31.5
Sds-02-P2,479132.7,2036864.76,32.01,288.462,-32.01
Sds-02-P2,479132.7,2036864.76,32.51,294.146,-32.51
Sds-02-P2,479132.7,2036864.76,33.03,314.17,-33.03
Sds-02-P2,479132.7,2036864.76,33.5,292.746,-33.5
Sds-02-P2,479132.7,2036864.76,34.01,297.059,-34.01
Sds-02-P2,479132.7,2036864.76,34.51,301.881,-34.51
Sds-02-P2,479132.7,2036864.76,35.03,341.615,-35.03
Sds-02-P2,479132.7,2036864.76,35.53,337.121,-35.53
Sds-02-P2,479132.7,2036864.76,36.02,285.444,-36.02
Sds-02-P2,479132.7,2036864.76,36.51,259.745,-36.51
Sds-02-P2,479132.7,2036864.76,37,244.161,-37
Sds-02-P2,479132.7,2036864.76,37.49,297.579,-37.49
Sds-02-P2,479132.7,2036864.76,38.02,301.018,-38.02
Sds-02-P2,479132.7,2036864.76,38.51,311.894,-38.51
Sds-02-P2,479132.7,2036864.76,39.01,290.179,-39.01
Sds-02-P2,479132.7,2036864.76,39.5,310.025,-39.5
Sds-02-P2,479132.7,2036864.76,40.02,290.676,-40.02
Sds-02-P2,479132.7,2036864.76,40.52,389.805,-40.52
Sds-02-P2,479132.7,2036864.76,41.03,293.658,-41.03
Sds-02-P2,479132.7,2036864.76,41.5,272.749,-41.5
Sds-02-P2,479132.7,2036864.76,42.02,345.2,-42.02
Sds-02-P2,479132.7,2036864.76,42.47,374.419,-42.47
Sds-02-P2,479132.7,2036864.76,43.02,342.935,-43.02
Sds-02-P2,479132.7,2036864.76,43.49,330.454,-43.49
Sds-02-P2,479132.7,2036864.76,44.01,345.97,-44.01
Sds-02-P2,479132.7,2036864.76,44.51,307.692,-44.51
Sds-02-P2,479132.7,2036864.76,45.01,330.309,-45.01
Sds-02-P2,479132.7,2036864.76,45.55,333.333,-45.55
Sds-03-P2,479700,2037366.03,2.5,99.608,-2.5
Sds-03-P2,479700,2037366.03,3,91.576,-3
Sds-03-P2,479700,2037366.03,3.5,105.515,-3.5
Sds-03-P2,479700,2037366.03,4.06,101.241,-4.06
Sds-03-P2,479700,2037366.03,4.47,90.104,-4.47
Sds-03-P2,479700,2037366.03,5,132.334,-5
Sds-03-P2,479700,2037366.03,5.49,158.745,-5.49
Sds-03-P2,479700,2037366.03,6.01,130.322,-6.01
Sds-03-P2,479700,2037366.03,6.49,129.091,-6.49
Sds-03-P2,479700,2037366.03,6.98,123.567,-6.98
Sds-03-P2,479700,2037366.03,7.51,117.742,-7.51
Sds-03-P2,479700,2037366.03,8,119.908,-8
Sds-03-P2,479700,2037366.03,8.5,125.106,-8.5
Sds-03-P2,479700,2037366.03,8.98,126.689,-8.98
Sds-03-P2,479700,2037366.03,9.49,134.633,-9.49
Sds-03-P2,479700,2037366.03,10.02,128.604,-10.02
Sds-03-P2,479700,2037366.03,10.48,126.933,-10.48
Sds-03-P2,479700,2037366.03,11,124.455,-11
Sds-03-P2,479700,2037366.03,11.49,125.965,-11.49
Sds-03-P2,479700,2037366.03,12,128.869,-12
Sds-03-P2,479700,2037366.03,12.5,126.907,-12.5
Sds-03-P2,479700,2037366.03,13,121.951,-13
Sds-03-P2,479700,2037366.03,13.5,127.554,-13.5
Sds-03-P2,479700,2037366.03,13.97,135.139,-13.97
Sds-03-P2,479700,2037366.03,14.48,115.217,-14.48
Sds-03-P2,479700,2037366.03,15,135.886,-15
Sds-03-P2,479700,2037366.03,15.48,181.821,-15.48
Sds-03-P2,479700,2037366.03,15.99,209.385,-15.99
Sds-03-P2,479700,2037366.03,16.5,228.353,-16.5
Sds-03-P2,479700,2037366.03,17,231.501,-17
Sds-03-P2,479700,2037366.03,17.52,192.308,-17.52
Sds-03-P2,479700,2037366.03,17.96,177.314,-17.96
Sds-03-P2,479700,2037366.03,18.48,152.462,-18.48
Sds-03-P2,479700,2037366.03,18.99,152.907,-18.99
Sds-03-P2,479700,2037366.03,19.5,195.42,-19.5
Sds-03-P2,479700,2037366.03,19.9,206.612,-19.9
Sds-03-P2,479700,2037366.03,20.49,168.922,-20.49
Sds-03-P2,479700,2037366.03,20.98,179.907,-20.98
Sds-03-P2,479700,2037366.03,21.5,188.703,-21.5
Sds-03-P2,479700,2037366.03,22.01,139.665,-22.01
Sds-03-P2,479700,2037366.03,22.49,146.199,-22.49
Sds-03-P2,479700,2037366.03,23.01,225.244,-23.01
Sds-03-P2,479700,2037366.03,23.5,229.36,-23.5
Sds-03-P2,479700,2037366.03,24.02,204.918,-24.02
Sds-03-P2,479700,2037366.03,24.51,205.481,-24.51
Sds-03-P2,479700,2037366.03,24.99,199.468,-24.99
Sds-03-P2,479700,2037366.03,25.46,183.384,-25.46
Sds-03-P2,479700,2037366.03,25.98,185.195,-25.98
Sds-03-P2,479700,2037366.03,26.51,184.729,-26.51
Sds-03-P2,479700,2037366.03,27,189.413,-27
Sds-03-P2,479700,2037366.03,27.46,189.394,-27.46
Sds-03-P2,479700,2037366.03,27.99,162.697,-27.99
Sds-03-P2,479700,2037366.03,28.5,199.474,-28.5
Sds-03-P2,479700,2037366.03,29.01,312.522,-29.01
Sds-03-P2,479700,2037366.03,29.49,326.087,-29.49
Sds-03-P2,479700,2037366.03,30.01,311.209,-30.01
Sds-03-P2,479700,2037366.03,30.49,203.022,-30.49
Sds-03-P2,479700,2037366.03,31,243.509,-31
Sds-03-P2,479700,2037366.03,31.48,297.619,-31.48
Sds-03-P2,479700,2037366.03,32,218.352,-32
Sds-03-P2,479700,2037366.03,32.49,291.869,-32.49
Sds-03-P2,479700,2037366.03,33.01,357.273,-33.01
Sds-03-P2,479700,2037366.03,33.49,378.788,-33.49
Sds-03-P2,479700,2037366.03,34,321.894,-34
Sds-03-P2,479700,2037366.03,34.49,303.649,-34.49
Sds-03-P2,479700,2037366.03,34.99,326.087,-34.99
Sds-03-P2,479700,2037366.03,35.51,320.536,-35.51
Sds-03-P2,479700,2037366.03,36.01,337.838,-36.01
Sds-03-P2,479700,2037366.03,36.51,354.771,-36.51
Sds-03-P2,479700,2037366.03,37,354.771,-37
Sds-03-P2,479700,2037366.03,37.51,320.566,-37.51
Sds-03-P2,479700,2037366.03,38.02,320.988,-38.02
Sds-03-P2,479700,2037366.03,38.51,327.483,-38.51
Sds-03-P2,479700,2037366.03,38.97,299.67,-38.97
Sds-03-P2,479700,2037366.03,39.47,314.577,-39.47
Sds-03-P2,479700,2037366.03,40,316.659,-40
Sds-03-P2,479700,2037366.03,40.52,333.393,-40.52
Sds-03-P2,479700,2037366.03,41.01,322.702,-41.01
Sds-03-P2,479700,2037366.03,41.52,289.104,-41.52
Sds-03-P2,479700,2037366.03,41.99,294.118,-41.99
Sds-03-P2,479700,2037366.03,42.5,310.571,-42.5
Sds-03-P2,479700,2037366.03,42.98,303.131,-42.98
Sds-03-P2,479700,2037366.03,43.51,291.468,-43.51
Sds-03-P2,479700,2037366.03,43.99,335.949,-43.99
Sds-03-P2,479700,2037366.03,44.5,282.928,-44.5
Sds-03-P2,479700,2037366.03,45.01,312.549,-45.01
Sds-03-P2,479700,2037366.03,45.5,316.506,-45.5
Sds-03-P2,479700,2037366.03,46.02,260.53,-46.02
Sds-03-P2,479700,2037366.03,46.49,247.914,-46.49
Sds-03-P2,479700,2037366.03,46.99,279.408,-46.99
Sds-03-P2,479700,2037366.03,47.51,280.899,-47.51
Sds-03-P2,479700,2037366.03,48.01,281.218,-48.01
Sds-03-P2,479700,2037366.03,48.5,306.76,-48.5
Sds-03-P2,479700,2037366.03,49,299.67,-49
Sds-03-P2,479700,2037366.03,49.47,260.417,-49.47
Sds-03-P2,479700,2037366.03,49.91,282.567,-49.91
Sds-03-P2,479700,2037366.03,50.51,312.94,-50.51
Sds-03-P2,479700,2037366.03,50.98,301.205,-50.98
Sds-03-P2,479700,2037366.03,51.48,238.095,-51.48
Sds-03-P2,479700,2037366.03,52,252.525,-52
Sds-03-P2,479700,2037366.03,52.49,287.698,-52.49
Sds-03-P2,479700,2037366.03,53.01,318.484,-53.01
Sds-03-P2,479700,2037366.03,53.51,352.113,-53.51
Sds-03-P2,479700,2037366.03,53.98,393.725,-53.98
Sds-03-P2,479700,2037366.03,54.49,427.382,-54.49
Sds-03-P2,479700,2037366.03,55.01,390.72,-55.01
Sds-03-P2,479700,2037366.03,55.5,407.825,-55.5
Sds-03-P2,479700,2037366.03,56,331.257,-56
Sds-03-P2,479700,2037366.03,56.49,359.731,-56.49
Sds-03-P2,479700,2037366.03,57.01,416.782,-57.01
Sds-03-P2,479700,2037366.03,57.51,312.5,-57.51
Sds-03-P2,479700,2037366.03,58,304.923,-58
Sds-03-P2,479700,2037366.03,58.5,370.391,-58.5
Sds-03-P2,479700,2037366.03,59,413.477,-59
Sds-03-P2,479700,2037366.03,59.5,376.131,-59.5
Sds-03-P2,479700,2037366.03,59.99,370.391,-59.99
Sds-03-P2,479700,2037366.03,60.53,347.222,-60.53
Sds-03-P2,479700,2037366.03,61.01,316.456,-61.01
Sds-03-P2,479700,2037366.03,62.02,310.571,-62.02
Sds-03-P2,479700,2037366.03,62.52,342.466,-62.52
Sds-03-P2,479700,2037366.03,63.03,357.216,-63.03
Sds-03-P2,479700,2037366.03,63.49,344.975,-63.49
Sds-03-P2,479700,2037366.03,64.01,326.811,-64.01
Sds-03-P2,479700,2037366.03,64.49,400.231,-64.49
Sds-03-P2,479700,2037366.03,65.01,416.782,-65.01
Sds-03-P2,479700,2037366.03,65.49,428.132,-65.49
Sds-03-P2,479700,2037366.03,66.01,373.134,-66.01
Sds-03-P2,479700,2037366.03,66.5,363.005,-66.5
Sds-03-P2,479700,2037366.03,67.01,409.836,-67.01
Sds-03-P2,479700,2037366.03,67.51,367.727,-67.51
Sds-03-P2,479700,2037366.03,68.01,375.961,-68.01
Sds-03-P2,479700,2037366.03,68.53,387.62,-68.53
Sds-03-P2,479700,2037366.03,69.01,393.725,-69.01
Sds-03-P2,479700,2037366.03,69.5,400.026,-69.5
Sds-03-P2,479700,2037366.03,69.99,396.825,-69.99
Sds-03-P2,479700,2037366.03,70.5,373.134,-70.5
Sds-03-P2,479700,2037366.03,70.99,333.393,-70.99
Sds-03-P2,479700,2037366.03,71.5,413.477,-71.5
Sds-03-P2,479700,2037366.03,71.98,381.88,-71.98
Sds-03-P2,479700,2037366.03,72.48,324.73,-72.48
Sds-03-P2,479700,2037366.03,73.01,378.875,-73.01
Sds-03-P2,479700,2037366.03,73.5,340.152,-73.5
Sds-03-P2,479700,2037366.03,73.99,390.72,-73.99
Sds-03-P2,479700,2037366.03,74.48,420.198,-74.48
Sds-03-P2,479700,2037366.03,75.03,434.816,-75.03
Sds-03-P2,479700,2037366.03,75.5,434.816,-75.5
Sds-03-P2,479700,2037366.03,76.01,396.825,-76.01
Sds-04-P2,480000,2036500,2.54,89.933,-2.54
Sds-04-P2,480000,2036500,2.99,91.242,-2.99
Sds-04-P2,480000,2036500,3.51,92.424,-3.51
Sds-04-P2,480000,2036500,4.01,95.808,-4.01
Sds-04-P2,480000,2036500,4.5,101.424,-4.5
Sds-04-P2,480000,2036500,5.01,101.215,-5.01
Sds-04-P2,480000,2036500,5.5,98.427,-5.5
Sds-04-P2,480000,2036500,6,103.308,-6
Sds-04-P2,480000,2036500,6.5,96.548,-6.5
Sds-04-P2,480000,2036500,7,104.604,-7
Sds-04-P2,480000,2036500,7.49,98.235,-7.49
Sds-04-P2,480000,2036500,7.99,80.274,-7.99
Sds-04-P2,480000,2036500,8.49,92.7675,-8.49
Sds-04-P2,480000,2036500,9.01,97.656,-9.01
Sds-04-P2,480000,2036500,9.52,106.614,-9.52
Sds-04-P2,480000,2036500,10.02,106.158,-10.02
Sds-04-P2,480000,2036500,10.48,107.067,-10.48
Sds-04-P2,480000,2036500,10.99,123.464,-10.99
Sds-04-P2,480000,2036500,11.53,140.855,-11.53
Sds-04-P2,480000,2036500,12.01,138.126,-12.01
Sds-04-P2,480000,2036500,12.49,118.209,-12.49
Sds-04-P2,480000,2036500,12.99,103.097,-12.99
Sds-04-P2,480000,2036500,13.49,108.937,-13.49
Sds-04-P2,480000,2036500,14,104.169,-14
Sds-04-P2,480000,2036500,14.5,147.525,-14.5
Sds-04-P2,480000,2036500,15,197.632,-15
Sds-04-P2,480000,2036500,15.5,224.22,-15.5
Sds-04-P2,480000,2036500,16,259.13,-16
Sds-04-P2,480000,2036500,16.49,261.787,-16.49
Sds-04-P2,480000,2036500,17.01,299.498,-17.01
Sds-04-P2,480000,2036500,17.49,316.506,-17.49
Sds-04-P2,480000,2036500,18.01,303.131,-18.01
Sds-04-P2,480000,2036500,18.5,310.571,-18.5
Sds-04-P2,480000,2036500,18.99,289.259,-18.99
Sds-04-P2,480000,2036500,19.5,248.762,-19.5
Sds-04-P2,480000,2036500,19.99,264.558,-19.99
Sds-04-P2,480000,2036500,20.51,265.988,-20.51
Sds-04-P2,480000,2036500,21.01,271.868,-21.01
Sds-04-P2,480000,2036500,21.49,287.356,-21.49
Sds-04-P2,480000,2036500,22.01,228.315,-22.01
Sds-04-P2,480000,2036500,22.49,217.408,-22.49
Sds-04-P2,480000,2036500,23.01,213.691,-23.01
Sds-04-P2,480000,2036500,23.48,212.862,-23.48
Sds-04-P2,480000,2036500,23.99,257.759,-23.99
Sds-04-P2,480000,2036500,24.48,225.244,-24.48
Sds-04-P2,480000,2036500,24.99,185.897,-24.99
Sds-04-P2,480000,2036500,25.49,225.225,-25.49
Sds-04-P2,480000,2036500,25.99,316.506,-25.99
Sds-04-P2,480000,2036500,26.49,326.923,-26.49
Sds-04-P2,480000,2036500,26.99,387.62,-26.99
Sds-04-P2,480000,2036500,27.5,340.152,-27.5
Sds-04-P2,480000,2036500,28,349.804,-28
Sds-04-P2,480000,2036500,28.52,251.263,-28.52
Sds-04-P2,480000,2036500,28.99,156.25,-28.99
Sds-04-P2,480000,2036500,29.52,155.777,-29.52
Sds-04-P2,480000,2036500,30.01,170.076,-30.01
Sds-04-P2,480000,2036500,30.48,190.117,-30.48
Sds-04-P2,480000,2036500,31,201.665,-31
Sds-04-P2,480000,2036500,31.49,216.487,-31.49
Sds-04-P2,480000,2036500,32,301.249,-32
Sds-04-P2,480000,2036500,32.51,268.942,-32.51
Sds-04-P2,480000,2036500,33.01,240.474,-33.01
Sds-04-P2,480000,2036500,33.5,252.525,-33.5
Sds-04-P2,480000,2036500,34,322.594,-34
Sds-04-P2,480000,2036500,34.52,354.628,-34.52
Sds-04-P2,480000,2036500,35.01,384.706,-35.01
Sds-04-P2,480000,2036500,35.5,387.807,-35.5
Sds-04-P2,480000,2036500,36.03,365.139,-36.03
Sds-04-P2,480000,2036500,36.56,381.702,-36.56
Sds-04-P2,480000,2036500,37.04,381.702,-37.04
Sds-04-P2,480000,2036500,37.49,376.131,-37.49
Sds-04-P2,480000,2036500,37.97,364.983,-37.97
Sds-04-P2,480000,2036500,38.46,357.216,-38.46
Sds-04-P2,480000,2036500,39.02,270.341,-39.02
Sds-04-P2,480000,2036500,39.48,299.67,-39.48
Sds-04-P2,480000,2036500,39.99,280.934,-39.99
Sds-04-P2,480000,2036500,40.46,314.577,-40.46
Sds-04-P2,480000,2036500,41,309.066,-41
Sds-04-P2,480000,2036500,41.5,320.724,-41.5
Sds-04-P2,480000,2036500,42.1,277.812,-42.1
Sds-04-P2,480000,2036500,42.47,284.421,-42.47
Sds-04-P2,480000,2036500,43.02,333.333,-43.02
Sds-04-P2,480000,2036500,43.52,324.895,-43.52
Sds-04-P2,480000,2036500,43.98,274.759,-43.98
Sds-04-P2,480000,2036500,44.48,281.041,-44.48
Sds-04-P2,480000,2036500,45.02,359.731,-45.02
Sds-04-P2,480000,2036500,45.49,360.178,-45.49
Sds-04-P2,480000,2036500,46.04,255.341,-46.04
Sds-04-P2,480000,2036500,46.49,280.934,-46.49
Sds-04-P2,480000,2036500,46.99,284.174,-46.99
Sds-04-P2,480000,2036500,47.5,357.8,-47.5
Sds-04-P2,480000,2036500,48,359.731,-48
Sds-04-P2,480000,2036500,48.51,318.678,-48.51
Sds-04-P2,480000,2036500,49,300.273,-49
Sds-04-P2,480000,2036500,49.47,335.949,-49.47
Sds-04-P2,480000,2036500,49.97,362.395,-49.97
Sds-04-P2,480000,2036500,50.5,326.811,-50.5
Sds-04-P2,480000,2036500,51,338.394,-51
Sds-04-P2,480000,2036500,51.49,347.826,-51.49
Sds-04-P2,480000,2036500,51.99,239.284,-51.99
Sds-04-P2,480000,2036500,52.5,373.467,-52.5
Sds-04-P2,480000,2036500,53.02,331.14,-53.02
Sds-04-P2,480000,2036500,53.48,353.234,-53.48
Sds-04-P2,480000,2036500,54,344.844,-54
Sds-04-P2,480000,2036500,54.56,304.923,-54.56
Sds-04-P2,480000,2036500,55,304.878,-55
Sds-04-P2,480000,2036500,55.49,377.252,-55.49
Sds-04-P2,480000,2036500,56.01,336.799,-56.01
Sds-04-P2,480000,2036500,56.5,271.868,-56.5
Sds-04-P2,480000,2036500,56.98,250.1,-56.98
Sds-04-P2,480000,2036500,57.5,289.259,-57.5
Sds-04-P2,480000,2036500,57.98,257.842,-57.98
Sds-04-P2,480000,2036500,58.52,232.684,-58.52
Sds-04-P2,480000,2036500,59,214.596,-59
Sds-04-P2,480000,2036500,59.52,268.848,-59.52
Sds-04-P2,480000,2036500,60.02,320.566,-60.02
Sds-04-P2,480000,2036500,60.51,303.432,-60.51
Sds-04-P2,480000,2036500,61,314.515,-61
Sds-04-P2,480000,2036500,61.48,349.804,-61.48
Sds-04-P2,480000,2036500,62.01,390.72,-62.01
Sds-04-P2,480000,2036500,62.52,352.392,-62.52
Sds-04-P2,480000,2036500,63.02,310.571,-63.02
Sds-04-P2,480000,2036500,63.5,326.811,-63.5
Sds-04-P2,480000,2036500,63.99,335.586,-63.99
Sds-04-P2,480000,2036500,64.47,367.727,-64.47
Sds-04-P2,480000,2036500,64.98,254.043,-64.98
Sds-04-P2,480000,2036500,65.52,250.1,-65.52
Sds-04-P2,480000,2036500,65.95,259.074,-65.95
Sds-04-P2,480000,2036500,66.54,380.184,-66.54
Sds-04-P2,480000,2036500,66.99,413.251,-66.99
Sds-04-P2,480000,2036500,67.55,454.696,-67.55
Sds-04-P2,480000,2036500,68.02,472.371,-68.02
Sds-04-P2,480000,2036500,68.48,367.647,-68.48
Sds-04-P2,480000,2036500,68.98,359.731,-68.98
Sds-04-P2,480000,2036500,69.49,376.131,-69.49
Sds-04-P2,480000,2036500,70.02,403.646,-70.02
Sds-04-P2,480000,2036500,70.48,427.632,-70.48
Sds-04-P2,480000,2036500,70.98,450.487,-70.98
Sds-04-P2,480000,2036500,71.52,360.627,-71.52
Sds-04-P2,480000,2036500,72.03,246.311,-72.03
Sds-04-P2,480000,2036500,72.49,271.94,-72.49
Sds-04-P2,480000,2036500,73.02,242.741,-73.02
Sds-04-P2,480000,2036500,73.49,268.942,-73.49
Sds-04-P2,480000,2036500,74.03,382.036,-74.03
Sds-04-P2,480000,2036500,74.52,413.251,-74.52
Sds-04-P2,480000,2036500,75.02,406.531,-75.02
Sds-04-P2,480000,2036500,75.49,427.382,-75.49
Sds-04-P2,480000,2036500,76.01,398.463,-76.01
Sds-04-P2,480000,2036500,76.53,395.263,-76.53
Sds-04-P2,480000,2036500,77.01,395.263,-77.01
Sds-04-P2,480000,2036500,77.5,401.173,-77.5
Sds-04-P2,480000,2036500,78.01,440.803,-78.01
Sds-04-P2,480000,2036500,78.56,428.659,-78.56
Sds-04-P2,480000,2036500,78.99,412.24,-78.99
Sds-04-P2,480000,2036500,79.44,357.175,-79.44
Sds-04-P2,480000,2036500,80.03,438.612,-80.03
Sds-04-P2,480000,2036500,80.49,413.236,-80.49
Sds-04-P2,480000,2036500,81.03,416.782,-81.03
Sds-04-P2,480000,2036500,81.5,431.163,-81.5
Sds-04-P2,480000,2036500,82,420.198,-82
Sds-05-P2,478800,2036500,2.56,104.169,-2.56
Sds-05-P2,478800,2036500,2.99,101.42,-2.99
Sds-05-P2,478800,2036500,3.49,94.461,-3.49
Sds-05-P2,478800,2036500,3.98,132.042,-3.98
Sds-05-P2,478800,2036500,4.5,116.824,-4.5
Sds-05-P2,478800,2036500,5,97.66,-5
Sds-05-P2,478800,2036500,5.5,103.736,-5.5
Sds-05-P2,478800,2036500,5.97,115.748,-5.97
Sds-05-P2,478800,2036500,6.5,112.28,-6.5
Sds-05-P2,478800,2036500,7.02,125.209,-7.02
Sds-05-P2,478800,2036500,7.5,145.068,-7.5
Sds-05-P2,478800,2036500,7.96,155.12,-7.96
Sds-05-P2,478800,2036500,8.5,130.435,-8.5
Sds-05-P2,478800,2036500,9.01,134.535,-9.01
Sds-05-P2,478800,2036500,9.58,119.618,-9.58
Sds-05-P2,478800,2036500,10.01,116.461,-10.01
Sds-05-P2,478800,2036500,10.48,131.121,-10.48
Sds-05-P2,478800,2036500,11,130.894,-11
Sds-05-P2,478800,2036500,11.49,125.42,-11.49
Sds-05-P2,478800,2036500,11.98,158.569,-11.98
Sds-05-P2,478800,2036500,12.49,176.479,-12.49
Sds-05-P2,478800,2036500,13,178.148,-13
Sds-05-P2,478800,2036500,13.49,201.619,-13.49
Sds-05-P2,478800,2036500,13.99,218.676,-13.99
Sds-05-P2,478800,2036500,14.49,245.5,-14.49
Sds-05-P2,478800,2036500,15.01,288.462,-15.01
Sds-05-P2,478800,2036500,15.52,322.037,-15.52
Sds-05-P2,478800,2036500,16.08,236.982,-16.08
Sds-05-P2,478800,2036500,16.5,225.39,-16.5
Sds-05-P2,478800,2036500,17,239.05,-17
Sds-05-P2,478800,2036500,17.49,304.898,-17.49
Sds-05-P2,478800,2036500,18,319.432,-18
Sds-05-P2,478800,2036500,18.5,330.557,-18.5
Sds-05-P2,478800,2036500,18.97,308.228,-18.97
Sds-05-P2,478800,2036500,19.49,317.819,-19.49
Sds-05-P2,478800,2036500,19.99,321.894,-19.99
Sds-05-P2,478800,2036500,20.5,227.281,-20.5
Sds-05-P2,478800,2036500,21,302.498,-21
Sds-05-P2,478800,2036500,21.5,313.857,-21.5
Sds-05-P2,478800,2036500,22.04,289.614,-22.04
Sds-05-P2,478800,2036500,22.49,215.546,-22.49
Sds-05-P2,478800,2036500,23,207.182,-23
Sds-05-P2,478800,2036500,23.51,233.647,-23.51
Sds-05-P2,478800,2036500,24,256.849,-24
Sds-05-P2,478800,2036500,24.5,313.813,-24.5
Sds-05-P2,478800,2036500,25.01,352.12,-25.01
Sds-05-P2,478800,2036500,25.48,344.066,-25.48
Sds-05-P2,478800,2036500,26.01,330.403,-26.01
Sds-05-P2,478800,2036500,26.48,281.435,-26.48
Sds-05-P2,478800,2036500,27.01,244.715,-27.01
Sds-05-P2,478800,2036500,27.49,298.847,-27.49
Sds-05-P2,478800,2036500,28,398.981,-28
Sds-05-P2,478800,2036500,28.52,398.981,-28.52
Sds-05-P2,478800,2036500,29.02,360.61,-29.02
Sds-05-P2,478800,2036500,29.52,256.958,-29.52
Sds-05-P2,478800,2036500,30,242.721,-30
Sds-05-P2,478800,2036500,30.49,306.373,-30.49
Sds-05-P2,478800,2036500,31,361.498,-31
Sds-05-P2,478800,2036500,31.5,300.019,-31.5
Sds-05-P2,478800,2036500,32,280.934,-32
Sds-05-P2,478800,2036500,32.52,256.852,-32.52
Sds-05-P2,478800,2036500,33.03,241.976,-33.03
Sds-05-P2,478800,2036500,33.55,250.847,-33.55
Sds-05-P2,478800,2036500,34.03,246.711,-34.03
Sds-05-P2,478800,2036500,34.51,243.517,-34.51
Sds-05-P2,478800,2036500,35.04,264.736,-35.04
Sds-05-P2,478800,2036500,35.39,290.737,-35.39
Sds-05-P2,478800,2036500,36.01,305.287,-36.01
Sds-05-P2,478800,2036500,36.47,307.398,-36.47
Sds-05-P2,478800,2036500,37.03,297.638,-37.03
Sds-05-P2,478800,2036500,37.53,274.725,-37.53
Sds-05-P2,478800,2036500,38.02,276.454,-38.02
Sds-05-P2,478800,2036500,38.52,276.252,-38.52
Sds-05-P2,478800,2036500,39.03,250.225,-39.03
Sds-05-P2,478800,2036500,39.48,329.049,-39.48
Sds-05-P2,478800,2036500,40.01,328.973,-40.01
Sds-05-P2,478800,2036500,40.54,326.873,-40.54
Sds-05-P2,478800,2036500,41.03,256.047,-41.03
Sds-05-P2,478800,2036500,41.57,316.506,-41.57
Sds-05-P2,478800,2036500,41.98,316.461,-41.98
Sds-05-P2,478800,2036500,42.51,362.327,-42.51
Sds-05-P2,478800,2036500,43.01,426.136,-43.01
Sds-05-P2,478800,2036500,43.48,383.012,-43.48
Sds-05-P2,478800,2036500,44.03,353.782,-44.03
Sds-05-P2,478800,2036500,44.52,369.467,-44.52
Sds-05-P2,478800,2036500,45.01,358.926,-45.01
Sds-05-P2,478800,2036500,45.5,421.561,-45.5
Sds-05-P2,478800,2036500,46.05,366.072,-46.05
Sds-05-P2,478800,2036500,46.51,396.837,-46.51
Sds-05-P2,478800,2036500,47.04,379.136,-47.04
Sds-05-P2,478800,2036500,47.56,322.037,-47.56
Sds-05-P2,478800,2036500,48.03,324.315,-48.03
Sds-05-P2,478800,2036500,48.55,338.085,-48.55
Sds-05-P2,478800,2036500,49.03,324.828,-49.03
Sds-05-P2,478800,2036500,49.53,297.999,-49.53
Sds-05-P2,478800,2036500,50,363.249,-50
Sds-05-P2,478800,2036500,50.5,323.372,-50.5
Sds-05-P2,478800,2036500,51.02,409.848,-51.02
Sds-05-P2,478800,2036500,51.54,364.983,-51.54
Sds-05-P2,478800,2036500,52.04,382.236,-52.04
Sds-05-P2,478800,2036500,52.55,296.818,-52.55
Sds-05-P2,478800,2036500,53.03,364.215,-53.03
Sds-05-P2,478800,2036500,53.55,376.131,-53.55
Sds-05-P2,478800,2036500,54.07,376.131,-54.07
Sds-05-P2,478800,2036500,54.5,375,-54.5
Sds-05-P2,478800,2036500,55.05,307.377,-55.05
Sds-05-P2,478800,2036500,55.51,355.65,-55.51
Sds-05-P2,478800,2036500,56.03,378.827,-56.03
Sds-05-P2,478800,2036500,56.48,398.981,-56.48
Sds-05-P2,478800,2036500,56.99,426.191,-56.99
Sds-05-P2,478800,2036500,57.5,414.479,-57.5
Sds-05-P2,478800,2036500,57.98,380.721,-57.98
Sds-05-P2,478800,2036500,58.51,378.788,-58.51
Sds-05-P2,478800,2036500,59.02,401.081,-59.02
Sds-05-P2,478800,2036500,59.48,421.561,-59.48
Sds-05-P2,478800,2036500,60.02,466.288,-60.02
Sds-05-P2,478800,2036500,60.55,496.711,-60.55
Sds-05-P2,478800,2036500,61,477.726,-61
Sds-05-P2,478800,2036500,61.49,409.848,-61.49
Sds-05-P2,478800,2036500,62,345.63,-62
Sds-05-P2,478800,2036500,62.51,373.218,-62.51
Sds-05-P2,478800,2036500,63.03,333.34,-63.03
Sds-05-P2,478800,2036500,63.52,362.327,-63.52
Sds-05-P2,478800,2036500,63.99,412.138,-63.99
Sds-05-P2,478800,2036500,64.49,426.191,-64.49
Sds-05-P2,478800,2036500,65.01,412.088,-65.01
Sds-05-P2,478800,2036500,65.53,378.827,-65.53
Sds-05-P2,478800,2036500,66.09,380.721,-66.09
Sds-05-P2,478800,2036500,66.49,403.273,-66.49
Sds-05-P2,478800,2036500,66.99,394.737,-66.99
Sds-05-P2,478800,2036500,67.5,388.612,-67.5
Sds-05-P2,478800,2036500,68.04,378.827,-68.04
Sds-05-P2,478800,2036500,68.54,357.175,-68.54
Sds-05-P2,478800,2036500,68.99,386.598,-68.99
Sds-05-P2,478800,2036500,69.51,398.981,-69.51
Sds-05-P2,478800,2036500,70.01,386.639,-70.01
Sds-05-P2,478800,2036500,70.47,433.541,-70.47
Sds-05-P2,478800,2036500,71.01,443.803,-71.01
Sds-05-P2,478800,2036500,71.5,458.754,-71.5
Sds-05-P2,478800,2036500,72.02,498.476,-72.02
Sds-05-P2,478800,2036500,72.48,473.304,-72.48
Sds-05-P2,478800,2036500,72.99,460.14,-72.99
Sds-05-P2,478800,2036500,73.54,515.519,-73.54
Sds-05-P2,478800,2036500,74,490.217,-74
Sds-05-P2,478800,2036500,74.5,495.098,-74.5
Sds-05-P2,478800,2036500,75.02,438.597,-75.02
Sds-05-P2,478800,2036500,75.53,432.28,-75.53
Sds-05-P2,478800,2036500,76.06,412.287,-76.06
Sds-05-P2,478800,2036500,76.48,487.342,-76.48
Sds-05-P2,478800,2036500,77.04,446.571,-77.04
Sds-05-P2,478800,2036500,77.52,433.541,-77.52
Sds-05-P2,478800,2036500,78,422.539,-78
Sds-05-P2,478800,2036500,78.51,434.816,-78.51
Sds-05-P2,478800,2036500,79.01,432.366,-79.01
Sds-05-P2,478800,2036500,79.49,413.4775,-79.49
Sds-05-P2,478800,2036500,80.02,427.3815,-80.02
